Metric,Value
MAE,20383.82412221718
MSE,1019680445.3135473
RMSE,31932.43563077435
R2 Score,0.8670616584261954
